{"ba8epsn6": [[84, 94, "positive", 2.9429898262023926], [420, 381, "positive", 1.388838768005371], [288, 15, "positive", 1.7613792419433594], [312, 349, "positive", 1.7597730159759521], [306, 99, "positive", 1.6965839862823486], [279, 363, "positive", 1.7899866104125977], [408, 25, "positive", 1.7949626445770264], [364, 108, "positive", 1.4785687923431396], [300, 124, "positive", 1.5248773097991943], [276, 83, "positive", 2.2514564990997314], [126, 313, "negative", 3.5521841049194336], [287, 434, "negative", 2.543884038925171], [178, 380, "negative", 3.1969244480133057], [113, 127, "negative", 1.6398818492889404], [69, 118, "negative", 4.750392913818359], [397, 168, "negative", 1.8573062419891357], [82, 123, "negative", 1.82277250289917], [245, 436, "negative", 2.477262496948242], [145, 95, "negative", 1.8322060108184814], [162, 86, "negative", 2.351206064224243]], "x6oewpdc": [[217, 61, "positive", 22.125927209854126], [24, 301, "positive", 4.311128616333008], [216, 8, "positive", 9.243323802947998], [323, 404, "positive", 3.6254208087921143], [237, 85, "positive", 3.0679497718811035], [125, 27, "positive", 5.011245489120483], [355, 46, "positive", 2.1952404975891113], [428, 283, "positive", 2.8197875022888184], [20, 259, "positive", 2.8416848182678223], [246, 285, "positive", 3.6248233318328857], [319, 204, "negative", 13.32265567779541], [263, 315, "negative", 2.1985769271850586], [437, 51, "negative", 3.0093648433685303], [13, 291, "negative", 2.627309560775757], [381, 410, "negative", 4.347188711166382], [215, 436, "negative", 2.310056447982788], [385, 273, "negative", 5.26462197303772], [299, 138, "negative", 3.1502020359039307], [106, 17, "negative", 2.883208990097046], [15, 239, "negative", 3.0648956298828125]], "jid69222": [[8, 216, "positive", 19.33450961112976], [254, 144, "positive", 9.855910539627075], [61, 255, "positive", 8.901689291000366], [225, 242, "positive", 10.284929513931274], [23, 194, "positive", 8.2580726146698], [118, 400, "positive", 18.91613793373108], [172, 12, "positive", 9.95236325263977], [241, 63, "positive", 20.783451080322266], [147, 257, "positive", 10.635231733322144], [50, 346, "positive", 8.862828493118286], [266, 221, "negative", 20.21243190765381], [381, 102, "negative", 13.097424030303955], [164, 398, "negative", 8.611500024795532], [33, 123, "negative", 5.100405931472778], [312, 91, "negative", 14.419389963150024], [249, 420, "negative", 9.708998680114746], [356, 11, "negative", 8.626352787017822], [92, 260, "negative", 9.909520387649536], [45, 265, "negative", 10.014848232269287], [139, 278, "negative", 12.077995538711548]], "d46wclea": [[192, 227, "positive", 3.227940797805786], [432, 118, "positive", 1.9284753799438477], [410, 232, "positive", 2.591444492340088], [203, 434, "positive", 2.0191473960876465], [8, 356, "positive", 1.9745030403137207], [70, 200, "positive", 1.779179573059082], [160, 245, "positive", 1.8285071849822998], [241, 270, "positive", 1.8893375396728516], [259, 190, "positive", 4.018879413604736], [362, 95, "positive", 2.7549760341644287], [125, 266, "positive", 2.4561219215393066], [257, 215, "positive", 2.326284646987915], [346, 165, "positive", 1.8155770301818848], [338, 218, "positive", 1.689396858215332], [183, 383, "positive", 3.077594518661499], [25, 210, "positive", 1.9570679664611816], [195, 143, "positive", 1.6639220714569092], [311, 395, "positive", 1.6647958755493164], [367, 294, "positive", 1.785562515258789], [50, 308, "positive", 2.6570053100585938], [291, 54, "negative", 3.3877639770507812], [253, 99, "negative", 2.696061134338379], [337, 60, "negative", 2.224860906600952], [251, 108, "negative", 1.7693722248077393], [357, 32, "negative", 2.2992498874664307], [178, 152, "negative", 1.847884178161621], [249, 121, "negative", 1.7742578983306885], [324, 134, "negative", 2.368452310562134], [224, 301, "negative", 1.7502882480621338], [172, 400, "negative", 1.8968796730041504], [196, 320, "negative", 2.1285057067871094], [149, 29, "negative", 2.902977705001831], [262, 355, "negative", 1.9658279418945312], [191, 199, "negative", 1.8804478645324707], [323, 404, "negative", 2.860218048095703], [250, 217, "negative", 2.10058856010437], [279, 419, "negative", 2.682466506958008], [420, 344, "negative", 2.0789523124694824], [312, 397, "negative", 1.6537411212921143], [413, 174, "negative", 2.558645486831665]]}