{"fjonctko": [[323, 187, "positive", 2.5683963298797607], [322, 187, "positive", 0.8004961013793945], [263, 187, "positive", 1.0557794570922852], [151, 315, "positive", 1.0401811599731445], [263, 315, "positive", 0.8906140327453613], [322, 315, "positive", 1.7239813804626465], [323, 322, "positive", 0.9272513389587402], [151, 323, "positive", 0.9671118259429932], [103, 326, "positive", 1.256096363067627], [148, 326, "positive", 0.7812454700469971]], "tn5elk1s": [[149, 185, "positive", 2.308744192123413], [40, 153, "positive", 1.7721984386444092], [214, 155, "positive", 0.7752971649169922], [216, 8, "positive", 0.7272255420684814], [49, 93, "positive", 1.4316792488098145], [42, 397, "positive", 0.7296113967895508], [291, 49, "positive", 0.7383129596710205], [71, 46, "positive", 0.7825658321380615], [93, 353, "positive", 0.6729567050933838], [194, 278, "positive", 0.7708601951599121], [436, 402, "negative", 2.8081629276275635], [67, 116, "negative", 0.8631258010864258], [380, 350, "negative", 0.8779261112213135], [422, 379, "negative", 0.8238635063171387], [140, 8, "negative", 0.8293805122375488], [284, 93, "negative", 1.641308307647705], [410, 270, "negative", 0.7740020751953125], [369, 300, "negative", 0.9880249500274658], [173, 167, "negative", 0.8292007446289062], [188, 246, "negative", 0.9336979389190674]], "twt3ig87": [[96, 356, "negative", 133.1428656578064], [284, 164, "negative", 1.1700327396392822], [259, 262, "negative", 0.7837884426116943], [137, 236, "negative", 0.8630094528198242], [202, 311, "negative", 0.7272419929504395], [238, 287, "negative", 0.7867691516876221], [204, 406, "negative", 0.6979084014892578], [231, 270, "negative", 40.121203660964966], [345, 241, "negative", 5.323374032974243], [369, 3, "negative", 0.9286801815032959], [25, 178, "positive", 3.5961835384368896], [103, 253, "positive", 1.4990606307983398], [57, 79, "positive", 1.6151092052459717], [164, 425, "positive", 1.3572373390197754], [322, 81, "positive", 1.1478519439697266], [358, 167, "positive", 1.3813347816467285], [417, 116, "positive", 1.7687196731567383], [213, 142, "positive", 1.84206223487854], [287, 339, "positive", 2.0364115238189697], [196, 320, "positive", 1.2248904705047607]], "ekwqtjhu": [[69, 85, "positive", 1.834252119064331], [109, 322, "positive", 0.7541258335113525], [187, 222, "positive", 0.7618820667266846], [228, 129, "positive", 0.7055709362030029], [17, 208, "positive", 0.8159646987915039], [124, 259, "positive", 1.3740246295928955], [185, 361, "positive", 0.9468042850494385], [325, 170, "positive", 0.9829599857330322], [345, 3, "positive", 1.0991644859313965], [129, 105, "positive", 0.7704262733459473], [208, 387, "negative", 2.6553468704223633], [187, 234, "negative", 1.1389672756195068], [127, 259, "negative", 1.3011500835418701], [88, 375, "negative", 1.1086680889129639], [11, 230, "negative", 1.0015983581542969], [171, 60, "negative", 1.1387739181518555], [20, 422, "negative", 0.7753729820251465], [136, 118, "negative", 1.2406611442565918], [366, 187, "negative", 1.3069984912872314], [194, 8, "negative", 1.1446788311004639]], "qmhtu8jd": [[333, 301, "positive", 275.4802989959717], [272, 188, "positive", 0.7268662452697754], [131, 300, "positive", 0.7854447364807129], [81, 253, "positive", 0.7587547302246094], [402, 436, "positive", 1.002979040145874], [93, 395, "positive", 0.6478433609008789], [253, 143, "positive", 1.5728397369384766], [163, 38, "positive", 0.7817864418029785], [194, 96, "positive", 1.0909028053283691], [197, 82, "positive", 1.151233434677124], [282, 160, "negative", 3.4200499057769775]], "yq9j3v89": [[92, 147, "negative", 2.4626734256744385], [406, 52, "negative", 0.888777494430542], [191, 246, "negative", 0.7152245044708252], [229, 429, "negative", 0.8929731845855713], [344, 327, "negative", 0.8088881969451904], [202, 275, "negative", 0.8215556144714355], [221, 416, "negative", 0.9504516124725342], [436, 282, "negative", 1.1163883209228516], [159, 428, "negative", 1.0251905918121338], [182, 231, "negative", 0.8915274143218994], [109, 411, "positive", 3.4674665927886963], [178, 308, "positive", 0.7812561988830566], [263, 189, "positive", 0.9087214469909668], [124, 149, "positive", 1.9240343570709229], [271, 410, "positive", 0.8003494739532471], [316, 85, "positive", 0.7838044166564941], [205, 103, "positive", 0.7829034328460693], [289, 207, "positive", 0.8749449253082275], [15, 413, "positive", 0.9059116840362549], [286, 160, "positive", 1.0587363243103027]]}